{
  "summary": {
    "total_intervals": 403,
    "up_intervals": 202,
    "down_intervals": 201,
    "total_events": 404,
    "up_events": 202,
    "down_events": 202
  },
  "interval_analysis": {
    "up_trends": {
      "count": 202,
      "avg_duration": 16.599009900990097,
      "avg_price_change_pct": 0.7946931485782786,
      "max_price_change_pct": 33.98099490837805,
      "min_price_change_pct": -6.595390294408943,
      "avg_pfe_pct": 5.064591700564756,
      "max_pfe_pct": 42.89215018923409,
      "avg_mae_pct": 2.9355154548790368,
      "max_mae_pct": 13.493358349988437,
      "win_rate": 0.3811881188118812
    },
    "down_trends": {
      "count": 201,
      "avg_duration": 15.502487562189055,
      "avg_price_change_pct": 0.08689303163190211,
      "max_price_change_pct": 10.357175561114085,
      "min_price_change_pct": -25.06161613378278,
      "avg_pfe_pct": 5.267025832325411,
      "max_pfe_pct": 54.72240644244435,
      "avg_mae_pct": 2.8466369455767637,
      "max_mae_pct": 11.30484969679233,
      "win_rate": 0.31343283582089554
    },
    "profit_loss_ratio": 1.1819203643335001
  },
  "event_analysis": {
    "up_turns": {
      "count": 202,
      "avg_volatility": 0.8673115945028608,
      "avg_consistency": 0.4891089108910891,
      "avg_price_change_1h": 0.1288959045451257,
      "avg_price_change_5h": 0.5192028802861095
    },
    "down_turns": {
      "count": 202,
      "avg_volatility": 0.8415609074120464,
      "avg_consistency": 0.46831683168316834,
      "avg_price_change_1h": -0.01751389155348909,
      "avg_price_change_5h": 0.24722881076026593
    }
  }
}