{
  "summary": {
    "total_intervals": 1546,
    "up_intervals": 772,
    "down_intervals": 774,
    "total_events": 1547,
    "up_events": 772,
    "down_events": 775
  },
  "interval_analysis": {
    "up_trends": {
      "count": 772,
      "avg_duration": 17.151554404145077,
      "avg_price_change_pct": 0.2599288256359461,
      "max_price_change_pct": 22.97196360002105,
      "min_price_change_pct": -5.8218804206746855,
      "avg_pfe_pct": 2.41613313382729,
      "max_pfe_pct": 31.017305770343494,
      "avg_mae_pct": 1.435189864577141,
      "max_mae_pct": 8.319330237737766,
      "win_rate": 0.34974093264248707
    },
    "down_trends": {
      "count": 774,
      "avg_duration": 16.7312661498708,
      "avg_price_change_pct": -0.03955999841192977,
      "max_price_change_pct": 6.248289332902046,
      "min_price_change_pct": -23.970260508722042,
      "avg_pfe_pct": 2.5383433913258147,
      "max_pfe_pct": 55.339974870706456,
      "avg_mae_pct": 1.3810452814296221,
      "max_mae_pct": 7.420251810196832,
      "win_rate": 0.3385012919896641
    },
    "profit_loss_ratio": 1.1630081669482826
  },
  "event_analysis": {
    "up_turns": {
      "count": 772,
      "avg_volatility": 0.4138945274606493,
      "avg_consistency": 0.5080310880829016,
      "avg_price_change_1h": 0.0015853817372957686,
      "avg_price_change_5h": 0.11577548880713091
    },
    "down_turns": {
      "count": 775,
      "avg_volatility": 0.42388538857855257,
      "avg_consistency": 0.4614193548387097,
      "avg_price_change_1h": -0.01668947046398851,
      "avg_price_change_5h": -0.009394383315860486
    }
  }
}